ID,Name,Age,Gender,Department,Salary,JoiningDate
1,John Smith,29,Male,Engineering,75000,2020-03-15
2,Sarah Johnson,34,Female,Marketing,68000,2019-07-01
3,Michael Brown,41,Male,Finance,82000,2018-11-20
4,Emily Davis,26,Female,Engineering,72000,2021-06-10
5,David Wilson,37,Male,Human Resources,65000,2017-09-05
6,Linda Taylor,30,Female,Engineering,77000,2020-01-22
7,James Anderson,45,Male,Finance,91000,2015-05-18
8,Patricia Thomas,28,Female,Marketing,64000,2022-02-12
9,Robert Jackson,32,Male,Sales,70000,2019-10-30
10,Barbara White,39,Female,Sales,73000,2016-12-03
